turn,player_turn,desk,hand_0,hand_1
0,0,[],"[""3C"", ""9S"", ""8D"", ""JH"", ""6D"", ""4D"", ""9H"", ""2H"", ""5D"", ""QS"", ""KC"", ""AD"", ""3D"", ""QC"", ""KS"", ""3H"", ""6S"", ""7S"", ""7D"", ""4C"", ""8C"", ""AC"", ""QH"", ""KH"", ""AH"", ""5S"", ""8H""]","[""AS"", ""JS"", ""5C"", ""7C"", ""JC"", ""8S"", ""10S"", ""4S"", ""9D"", ""3S"", ""5H"", ""2S"", ""Joker2"", ""QD"", ""9C"", ""KD"", ""10C"", ""7H"", ""4H"", ""2C"", ""10D"", ""Joker1"", ""6H"", ""JD"", ""6C"", ""2D"", ""10H""]"
1,1,"[""3C""]","[""9S"", ""8D"", ""JH"", ""6D"", ""4D"", ""9H"", ""2H"", ""5D"", ""QS"", ""KC"", ""AD"", ""3D"", ""QC"", ""KS"", ""3H"", ""6S"", ""7S"", ""7D"", ""4C"", ""8C"", ""AC"", ""QH"", ""KH"", ""AH"", ""5S"", ""8H""]","[""AS"", ""JS"", ""5C"", ""7C"", ""JC"", ""8S"", ""10S"", ""4S"", ""9D"", ""3S"", ""5H"", ""2S"", ""Joker2"", ""QD"", ""9C"", ""KD"", ""10C"", ""7H"", ""4H"", ""2C"", ""10D"", ""Joker1"", ""6H"", ""JD"", ""6C"", ""2D"", ""10H""]"
2,0,"[""3C"", ""AS""]","[""9S"", ""8D"", ""JH"", ""6D"", ""4D"", ""9H"", ""2H"", ""5D"", ""QS"", ""KC"", ""AD"", ""3D"", ""QC"", ""KS"", ""3H"", ""6S"", ""7S"", ""7D"", ""4C"", ""8C"", ""AC"", ""QH"", ""KH"", ""AH"", ""5S"", ""8H""]","[""JS"", ""5C"", ""7C"", ""JC"", ""8S"", ""10S"", ""4S"", ""9D"", ""3S"", ""5H"", ""2S"", ""Joker2"", ""QD"", ""9C"", ""KD"", ""10C"", ""7H"", ""4H"", ""2C"", ""10D"", ""Joker1"", ""6H"", ""JD"", ""6C"", ""2D"", ""10H""]"
3,1,"[""3C"", ""AS"", ""9S""]","[""8D"", ""JH"", ""6D"", ""4D"", ""9H"", ""2H"", ""5D"", ""QS"", ""KC"", ""AD"", ""3D"", ""QC"", ""KS"", ""3H"", ""6S"", ""7S"", ""7D"", ""4C"", ""8C"", ""AC"", ""QH"", ""KH"", ""AH"", ""5S"", ""8H""]","[""JS"", ""5C"", ""7C"", ""JC"", ""8S"", ""10S"", ""4S"", ""9D"", ""3S"", ""5H"", ""2S"", ""Joker2"", ""QD"", ""9C"", ""KD"", ""10C"", ""7H"", ""4H"", ""2C"", ""10D"", ""Joker1"", ""6H"", ""JD"", ""6C"", ""2D"", ""10H""]"
4,0,"[""3C"", ""AS"", ""9S"", ""JS""]","[""8D"", ""JH"", ""6D"", ""4D"", ""9H"", ""2H"", ""5D"", ""QS"", ""KC"", ""AD"", ""3D"", ""QC"", ""KS"", ""3H"", ""6S"", ""7S"", ""7D"", ""4C"", ""8C"", ""AC"", ""QH"", ""KH"", ""AH"", ""5S"", ""8H""]","[""5C"", ""7C"", ""JC"", ""8S"", ""10S"", ""4S"", ""9D"", ""3S"", ""5H"", ""2S"", ""Joker2"", ""QD"", ""9C"", ""KD"", ""10C"", ""7H"", ""4H"", ""2C"", ""10D"", ""Joker1"", ""6H"", ""JD"", ""6C"", ""2D"", ""10H""]"
5,1,"[""3C"", ""AS"", ""9S"", ""JS"", ""8D""]","[""JH"", ""6D"", ""4D"", ""9H"", ""2H"", ""5D"", ""QS"", ""KC"", ""AD"", ""3D"", ""QC"", ""KS"", ""3H"", ""6S"", ""7S"", ""7D"", ""4C"", ""8C"", ""AC"", ""QH"", ""KH"", ""AH"", ""5S"", ""8H""]","[""5C"", ""7C"", ""JC"", ""8S"", ""10S"", ""4S"", ""9D"", ""3S"", ""5H"", ""2S"", ""Joker2"", ""QD"", ""9C"", ""KD"", ""10C"", ""7H"", ""4H"", ""2C"", ""10D"", ""Joker1"", ""6H"", ""JD"", ""6C"", ""2D"", ""10H""]"
6,0,"[""3C"", ""AS"", ""9S"", ""JS"", ""8D"", ""5C""]","[""JH"", ""6D"", ""4D"", ""9H"", ""2H"", ""5D"", ""QS"", ""KC"", ""AD"", ""3D"", ""QC"", ""KS"", ""3H"", ""6S"", ""7S"", ""7D"", ""4C"", ""8C"", ""AC"", ""QH"", ""KH"", ""AH"", ""5S"", ""8H""]","[""7C"", ""JC"", ""8S"", ""10S"", ""4S"", ""9D"", ""3S"", ""5H"", ""2S"", ""Joker2"", ""QD"", ""9C"", ""KD"", ""10C"", ""7H"", ""4H"", ""2C"", ""10D"", ""Joker1"", ""6H"", ""JD"", ""6C"", ""2D"", ""10H""]"
6,0,"[""3C"", ""AS"", ""9S"", ""JS"", ""8D"", ""5C"", ""JH""]","[""6D"", ""4D"", ""9H"", ""2H"", ""5D"", ""QS"", ""KC"", ""AD"", ""3D"", ""QC"", ""KS"", ""3H"", ""6S"", ""7S"", ""7D"", ""4C"", ""8C"", ""AC"", ""QH"", ""KH"", ""AH"", ""5S"", ""8H""]","[""7C"", ""JC"", ""8S"", ""10S"", ""4S"", ""9D"", ""3S"", ""5H"", ""2S"", ""Joker2"", ""QD"", ""9C"", ""KD"", ""10C"", ""7H"", ""4H"", ""2C"", ""10D"", ""Joker1"", ""6H"", ""JD"", ""6C"", ""2D"", ""10H""]"
7,0,"[""3C"", ""AS"", ""9S""]","[""6D"", ""4D"", ""9H"", ""2H"", ""5D"", ""QS"", ""KC"", ""AD"", ""3D"", ""QC"", ""KS"", ""3H"", ""6S"", ""7S"", ""7D"", ""4C"", ""8C"", ""AC"", ""QH"", ""KH"", ""AH"", ""5S"", ""8H"", ""JS"", ""8D"", ""5C"", ""JH""]","[""7C"", ""JC"", ""8S"", ""10S"", ""4S"", ""9D"", ""3S"", ""5H"", ""2S"", ""Joker2"", ""QD"", ""9C"", ""KD"", ""10C"", ""7H"", ""4H"", ""2C"", ""10D"", ""Joker1"", ""6H"", ""JD"", ""6C"", ""2D"", ""10H""]"
8,1,"[""3C"", ""AS"", ""9S"", ""6D""]","[""4D"", ""9H"", ""2H"", ""5D"", ""QS"", ""KC"", ""AD"", ""3D"", ""QC"", ""KS"", ""3H"", ""6S"", ""7S"", ""7D"", ""4C"", ""8C"", ""AC"", ""QH"", ""KH"", ""AH"", ""5S"", ""8H"", ""JS"", ""8D"", ""5C"", ""JH""]","[""7C"", ""JC"", ""8S"", ""10S"", ""4S"", ""9D"", ""3S"", ""5H"", ""2S"", ""Joker2"", ""QD"", ""9C"", ""KD"", ""10C"", ""7H"", ""4H"", ""2C"", ""10D"", ""Joker1"", ""6H"", ""JD"", ""6C"", ""2D"", ""10H""]"
9,0,"[""3C"", ""AS"", ""9S"", ""6D"", ""7C""]","[""4D"", ""9H"", ""2H"", ""5D"", ""QS"", ""KC"", ""AD"", ""3D"", ""QC"", ""KS"", ""3H"", ""6S"", ""7S"", ""7D"", ""4C"", ""8C"", ""AC"", ""QH"", ""KH"", ""AH"", ""5S"", ""8H"", ""JS"", ""8D"", ""5C"", ""JH""]","[""JC"", ""8S"", ""10S"", ""4S"", ""9D"", ""3S"", ""5H"", ""2S"", ""Joker2"", ""QD"", ""9C"", ""KD"", ""10C"", ""7H"", ""4H"", ""2C"", ""10D"", ""Joker1"", ""6H"", ""JD"", ""6C"", ""2D"", ""10H""]"
10,1,"[""3C"", ""AS"", ""9S"", ""6D"", ""7C"", ""4D""]","[""9H"", ""2H"", ""5D"", ""QS"", ""KC"", ""AD"", ""3D"", ""QC"", ""KS"", ""3H"", ""6S"", ""7S"", ""7D"", ""4C"", ""8C"", ""AC"", ""QH"", ""KH"", ""AH"", ""5S"", ""8H"", ""JS"", ""8D"", ""5C"", ""JH""]","[""JC"", ""8S"", ""10S"", ""4S"", ""9D"", ""3S"", ""5H"", ""2S"", ""Joker2"", ""QD"", ""9C"", ""KD"", ""10C"", ""7H"", ""4H"", ""2C"", ""10D"", ""Joker1"", ""6H"", ""JD"", ""6C"", ""2D"", ""10H""]"
11,0,"[""3C"", ""AS"", ""9S"", ""6D"", ""7C"", ""4D"", ""JC""]","[""9H"", ""2H"", ""5D"", ""QS"", ""KC"", ""AD"", ""3D"", ""QC"", ""KS"", ""3H"", ""6S"", ""7S"", ""7D"", ""4C"", ""8C"", ""AC"", ""QH"", ""KH"", ""AH"", ""5S"", ""8H"", ""JS"", ""8D"", ""5C"", ""JH""]","[""8S"", ""10S"", ""4S"", ""9D"", ""3S"", ""5H"", ""2S"", ""Joker2"", ""QD"", ""9C"", ""KD"", ""10C"", ""7H"", ""4H"", ""2C"", ""10D"", ""Joker1"", ""6H"", ""JD"", ""6C"", ""2D"", ""10H""]"
11,0,"[""3C"", ""AS"", ""9S"", ""6D"", ""7C"", ""4D"", ""JC"", ""9H""]","[""2H"", ""5D"", ""QS"", ""KC"", ""AD"", ""3D"", ""QC"", ""KS"", ""3H"", ""6S"", ""7S"", ""7D"", ""4C"", ""8C"", ""AC"", ""QH"", ""KH"", ""AH"", ""5S"", ""8H"", ""JS"", ""8D"", ""5C"", ""JH""]","[""8S"", ""10S"", ""4S"", ""9D"", ""3S"", ""5H"", ""2S"", ""Joker2"", ""QD"", ""9C"", ""KD"", ""10C"", ""7H"", ""4H"", ""2C"", ""10D"", ""Joker1"", ""6H"", ""JD"", ""6C"", ""2D"", ""10H""]"
12,0,"[""3C"", ""AS""]","[""2H"", ""5D"", ""QS"", ""KC"", ""AD"", ""3D"", ""QC"", ""KS"", ""3H"", ""6S"", ""7S"", ""7D"", ""4C"", ""8C"", ""AC"", ""QH"", ""KH"", ""AH"", ""5S"", ""8H"", ""JS"", ""8D"", ""5C"", ""JH"", ""9S"", ""6D"", ""7C"", ""4D"", ""JC"", ""9H""]","[""8S"", ""10S"", ""4S"", ""9D"", ""3S"", ""5H"", ""2S"", ""Joker2"", ""QD"", ""9C"", ""KD"", ""10C"", ""7H"", ""4H"", ""2C"", ""10D"", ""Joker1"", ""6H"", ""JD"", ""6C"", ""2D"", ""10H""]"
13,1,"[""3C"", ""AS"", ""2H""]","[""5D"", ""QS"", ""KC"", ""AD"", ""3D"", ""QC"", ""KS"", ""3H"", ""6S"", ""7S"", ""7D"", ""4C"", ""8C"", ""AC"", ""QH"", ""KH"", ""AH"", ""5S"", ""8H"", ""JS"", ""8D"", ""5C"", ""JH"", ""9S"", ""6D"", ""7C"", ""4D"", ""JC"", ""9H""]","[""8S"", ""10S"", ""4S"", ""9D"", ""3S"", ""5H"", ""2S"", ""Joker2"", ""QD"", ""9C"", ""KD"", ""10C"", ""7H"", ""4H"", ""2C"", ""10D"", ""Joker1"", ""6H"", ""JD"", ""6C"", ""2D"", ""10H""]"
14,0,"[""3C"", ""AS"", ""2H"", ""8S""]","[""5D"", ""QS"", ""KC"", ""AD"", ""3D"", ""QC"", ""KS"", ""3H"", ""6S"", ""7S"", ""7D"", ""4C"", ""8C"", ""AC"", ""QH"", ""KH"", ""AH"", ""5S"", ""8H"", ""JS"", ""8D"", ""5C"", ""JH"", ""9S"", ""6D"", ""7C"", ""4D"", ""JC"", ""9H""]","[""10S"", ""4S"", ""9D"", ""3S"", ""5H"", ""2S"", ""Joker2"", ""QD"", ""9C"", ""KD"", ""10C"", ""7H"", ""4H"", ""2C"", ""10D"", ""Joker1"", ""6H"", ""JD"", ""6C"", ""2D"", ""10H""]"
15,1,"[""3C"", ""AS"", ""2H"", ""8S"", ""5D""]","[""QS"", ""KC"", ""AD"", ""3D"", ""QC"", ""KS"", ""3H"", ""6S"", ""7S"", ""7D"", ""4C"", ""8C"", ""AC"", ""QH"", ""KH"", ""AH"", ""5S"", ""8H"", ""JS"", ""8D"", ""5C"", ""JH"", ""9S"", ""6D"", ""7C"", ""4D"", ""JC"", ""9H""]","[""10S"", ""4S"", ""9D"", ""3S"", ""5H"", ""2S"", ""Joker2"", ""QD"", ""9C"", ""KD"", ""10C"", ""7H"", ""4H"", ""2C"", ""10D"", ""Joker1"", ""6H"", ""JD"", ""6C"", ""2D"", ""10H""]"
16,0,"[""3C"", ""AS"", ""2H"", ""8S"", ""5D"", ""10S""]","[""QS"", ""KC"", ""AD"", ""3D"", ""QC"", ""KS"", ""3H"", ""6S"", ""7S"", ""7D"", ""4C"", ""8C"", ""AC"", ""QH"", ""KH"", ""AH"", ""5S"", ""8H"", ""JS"", ""8D"", ""5C"", ""JH"", ""9S"", ""6D"", ""7C"", ""4D"", ""JC"", ""9H""]","[""4S"", ""9D"", ""3S"", ""5H"", ""2S"", ""Joker2"", ""QD"", ""9C"", ""KD"", ""10C"", ""7H"", ""4H"", ""2C"", ""10D"", ""Joker1"", ""6H"", ""JD"", ""6C"", ""2D"", ""10H""]"
17,1,"[""3C"", ""AS"", ""2H"", ""8S"", ""5D"", ""10S"", ""QS""]","[""KC"", ""AD"", ""3D"", ""QC"", ""KS"", ""3H"", ""6S"", ""7S"", ""7D"", ""4C"", ""8C"", ""AC"", ""QH"", ""KH"", ""AH"", ""5S"", ""8H"", ""JS"", ""8D"", ""5C"", ""JH"", ""9S"", ""6D"", ""7C"", ""4D"", ""JC"", ""9H""]","[""4S"", ""9D"", ""3S"", ""5H"", ""2S"", ""Joker2"", ""QD"", ""9C"", ""KD"", ""10C"", ""7H"", ""4H"", ""2C"", ""10D"", ""Joker1"", ""6H"", ""JD"", ""6C"", ""2D"", ""10H""]"
18,0,"[""3C"", ""AS"", ""2H"", ""8S"", ""5D"", ""10S"", ""QS"", ""4S""]","[""KC"", ""AD"", ""3D"", ""QC"", ""KS"", ""3H"", ""6S"", ""7S"", ""7D"", ""4C"", ""8C"", ""AC"", ""QH"", ""KH"", ""AH"", ""5S"", ""8H"", ""JS"", ""8D"", ""5C"", ""JH"", ""9S"", ""6D"", ""7C"", ""4D"", ""JC"", ""9H""]","[""9D"", ""3S"", ""5H"", ""2S"", ""Joker2"", ""QD"", ""9C"", ""KD"", ""10C"", ""7H"", ""4H"", ""2C"", ""10D"", ""Joker1"", ""6H"", ""JD"", ""6C"", ""2D"", ""10H""]"
19,1,"[""3C"", ""AS"", ""2H"", ""8S"", ""5D"", ""10S"", ""QS"", ""4S"", ""KC""]","[""AD"", ""3D"", ""QC"", ""KS"", ""3H"", ""6S"", ""7S"", ""7D"", ""4C"", ""8C"", ""AC"", ""QH"", ""KH"", ""AH"", ""5S"", ""8H"", ""JS"", ""8D"", ""5C"", ""JH"", ""9S"", ""6D"", ""7C"", ""4D"", ""JC"", ""9H""]","[""9D"", ""3S"", ""5H"", ""2S"", ""Joker2"", ""QD"", ""9C"", ""KD"", ""10C"", ""7H"", ""4H"", ""2C"", ""10D"", ""Joker1"", ""6H"", ""JD"", ""6C"", ""2D"", ""10H""]"
20,0,"[""3C"", ""AS"", ""2H"", ""8S"", ""5D"", ""10S"", ""QS"", ""4S"", ""KC"", ""9D""]","[""AD"", ""3D"", ""QC"", ""KS"", ""3H"", ""6S"", ""7S"", ""7D"", ""4C"", ""8C"", ""AC"", ""QH"", ""KH"", ""AH"", ""5S"", ""8H"", ""JS"", ""8D"", ""5C"", ""JH"", ""9S"", ""6D"", ""7C"", ""4D"", ""JC"", ""9H""]","[""3S"", ""5H"", ""2S"", ""Joker2"", ""QD"", ""9C"", ""KD"", ""10C"", ""7H"", ""4H"", ""2C"", ""10D"", ""Joker1"", ""6H"", ""JD"", ""6C"", ""2D"", ""10H""]"
20,0,"[""3C"", ""AS"", ""2H"", ""8S"", ""5D"", ""10S"", ""QS"", ""4S"", ""KC"", ""9D"", ""AD""]","[""3D"", ""QC"", ""KS"", ""3H"", ""6S"", ""7S"", ""7D"", ""4C"", ""8C"", ""AC"", ""QH"", ""KH"", ""AH"", ""5S"", ""8H"", ""JS"", ""8D"", ""5C"", ""JH"", ""9S"", ""6D"", ""7C"", ""4D"", ""JC"", ""9H""]","[""3S"", ""5H"", ""2S"", ""Joker2"", ""QD"", ""9C"", ""KD"", ""10C"", ""7H"", ""4H"", ""2C"", ""10D"", ""Joker1"", ""6H"", ""JD"", ""6C"", ""2D"", ""10H""]"
21,0,"[""3C""]","[""3D"", ""QC"", ""KS"", ""3H"", ""6S"", ""7S"", ""7D"", ""4C"", ""8C"", ""AC"", ""QH"", ""KH"", ""AH"", ""5S"", ""8H"", ""JS"", ""8D"", ""5C"", ""JH"", ""9S"", ""6D"", ""7C"", ""4D"", ""JC"", ""9H"", ""AS"", ""2H"", ""8S"", ""5D"", ""10S"", ""QS"", ""4S"", ""KC"", ""9D"", ""AD""]","[""3S"", ""5H"", ""2S"", ""Joker2"", ""QD"", ""9C"", ""KD"", ""10C"", ""7H"", ""4H"", ""2C"", ""10D"", ""Joker1"", ""6H"", ""JD"", ""6C"", ""2D"", ""10H""]"
21,0,"[""3C"", ""3D""]","[""QC"", ""KS"", ""3H"", ""6S"", ""7S"", ""7D"", ""4C"", ""8C"", ""AC"", ""QH"", ""KH"", ""AH"", ""5S"", ""8H"", ""JS"", ""8D"", ""5C"", ""JH"", ""9S"", ""6D"", ""7C"", ""4D"", ""JC"", ""9H"", ""AS"", ""2H"", ""8S"", ""5D"", ""10S"", ""QS"", ""4S"", ""KC"", ""9D"", ""AD""]","[""3S"", ""5H"", ""2S"", ""Joker2"", ""QD"", ""9C"", ""KD"", ""10C"", ""7H"", ""4H"", ""2C"", ""10D"", ""Joker1"", ""6H"", ""JD"", ""6C"", ""2D"", ""10H""]"
22,0,[],"[""QC"", ""KS"", ""3H"", ""6S"", ""7S"", ""7D"", ""4C"", ""8C"", ""AC"", ""QH"", ""KH"", ""AH"", ""5S"", ""8H"", ""JS"", ""8D"", ""5C"", ""JH"", ""9S"", ""6D"", ""7C"", ""4D"", ""JC"", ""9H"", ""AS"", ""2H"", ""8S"", ""5D"", ""10S"", ""QS"", ""4S"", ""KC"", ""9D"", ""AD"", ""3C"", ""3D""]","[""3S"", ""5H"", ""2S"", ""Joker2"", ""QD"", ""9C"", ""KD"", ""10C"", ""7H"", ""4H"", ""2C"", ""10D"", ""Joker1"", ""6H"", ""JD"", ""6C"", ""2D"", ""10H""]"
23,1,"[""QC""]","[""KS"", ""3H"", ""6S"", ""7S"", ""7D"", ""4C"", ""8C"", ""AC"", ""QH"", ""KH"", ""AH"", ""5S"", ""8H"", ""JS"", ""8D"", ""5C"", ""JH"", ""9S"", ""6D"", ""7C"", ""4D"", ""JC"", ""9H"", ""AS"", ""2H"", ""8S"", ""5D"", ""10S"", ""QS"", ""4S"", ""KC"", ""9D"", ""AD"", ""3C"", ""3D""]","[""3S"", ""5H"", ""2S"", ""Joker2"", ""QD"", ""9C"", ""KD"", ""10C"", ""7H"", ""4H"", ""2C"", ""10D"", ""Joker1"", ""6H"", ""JD"", ""6C"", ""2D"", ""10H""]"
24,0,"[""QC"", ""3S""]","[""KS"", ""3H"", ""6S"", ""7S"", ""7D"", ""4C"", ""8C"", ""AC"", ""QH"", ""KH"", ""AH"", ""5S"", ""8H"", ""JS"", ""8D"", ""5C"", ""JH"", ""9S"", ""6D"", ""7C"", ""4D"", ""JC"", ""9H"", ""AS"", ""2H"", ""8S"", ""5D"", ""10S"", ""QS"", ""4S"", ""KC"", ""9D"", ""AD"", ""3C"", ""3D""]","[""5H"", ""2S"", ""Joker2"", ""QD"", ""9C"", ""KD"", ""10C"", ""7H"", ""4H"", ""2C"", ""10D"", ""Joker1"", ""6H"", ""JD"", ""6C"", ""2D"", ""10H""]"
25,1,"[""QC"", ""3S"", ""KS""]","[""3H"", ""6S"", ""7S"", ""7D"", ""4C"", ""8C"", ""AC"", ""QH"", ""KH"", ""AH"", ""5S"", ""8H"", ""JS"", ""8D"", ""5C"", ""JH"", ""9S"", ""6D"", ""7C"", ""4D"", ""JC"", ""9H"", ""AS"", ""2H"", ""8S"", ""5D"", ""10S"", ""QS"", ""4S"", ""KC"", ""9D"", ""AD"", ""3C"", ""3D""]","[""5H"", ""2S"", ""Joker2"", ""QD"", ""9C"", ""KD"", ""10C"", ""7H"", ""4H"", ""2C"", ""10D"", ""Joker1"", ""6H"", ""JD"", ""6C"", ""2D"", ""10H""]"
26,0,"[""QC"", ""3S"", ""KS"", ""5H""]","[""3H"", ""6S"", ""7S"", ""7D"", ""4C"", ""8C"", ""AC"", ""QH"", ""KH"", ""AH"", ""5S"", ""8H"", ""JS"", ""8D"", ""5C"", ""JH"", ""9S"", ""6D"", ""7C"", ""4D"", ""JC"", ""9H"", ""AS"", ""2H"", ""8S"", ""5D"", ""10S"", ""QS"", ""4S"", ""KC"", ""9D"", ""AD"", ""3C"", ""3D""]","[""2S"", ""Joker2"", ""QD"", ""9C"", ""KD"", ""10C"", ""7H"", ""4H"", ""2C"", ""10D"", ""Joker1"", ""6H"", ""JD"", ""6C"", ""2D"", ""10H""]"
26,0,"[""QC"", ""3S"", ""KS"", ""5H"", ""3H""]","[""6S"", ""7S"", ""7D"", ""4C"", ""8C"", ""AC"", ""QH"", ""KH"", ""AH"", ""5S"", ""8H"", ""JS"", ""8D"", ""5C"", ""JH"", ""9S"", ""6D"", ""7C"", ""4D"", ""JC"", ""9H"", ""AS"", ""2H"", ""8S"", ""5D"", ""10S"", ""QS"", ""4S"", ""KC"", ""9D"", ""AD"", ""3C"", ""3D""]","[""2S"", ""Joker2"", ""QD"", ""9C"", ""KD"", ""10C"", ""7H"", ""4H"", ""2C"", ""10D"", ""Joker1"", ""6H"", ""JD"", ""6C"", ""2D"", ""10H""]"
27,0,"[""QC""]","[""6S"", ""7S"", ""7D"", ""4C"", ""8C"", ""AC"", ""QH"", ""KH"", ""AH"", ""5S"", ""8H"", ""JS"", ""8D"", ""5C"", ""JH"", ""9S"", ""6D"", ""7C"", ""4D"", ""JC"", ""9H"", ""AS"", ""2H"", ""8S"", ""5D"", ""10S"", ""QS"", ""4S"", ""KC"", ""9D"", ""AD"", ""3C"", ""3D"", ""3S"", ""KS"", ""5H"", ""3H""]","[""2S"", ""Joker2"", ""QD"", ""9C"", ""KD"", ""10C"", ""7H"", ""4H"", ""2C"", ""10D"", ""Joker1"", ""6H"", ""JD"", ""6C"", ""2D"", ""10H""]"
28,1,"[""QC"", ""6S""]","[""7S"", ""7D"", ""4C"", ""8C"", ""AC"", ""QH"", ""KH"", ""AH"", ""5S"", ""8H"", ""JS"", ""8D"", ""5C"", ""JH"", ""9S"", ""6D"", ""7C"", ""4D"", ""JC"", ""9H"", ""AS"", ""2H"", ""8S"", ""5D"", ""10S"", ""QS"", ""4S"", ""KC"", ""9D"", ""AD"", ""3C"", ""3D"", ""3S"", ""KS"", ""5H"", ""3H""]","[""2S"", ""Joker2"", ""QD"", ""9C"", ""KD"", ""10C"", ""7H"", ""4H"", ""2C"", ""10D"", ""Joker1"", ""6H"", ""JD"", ""6C"", ""2D"", ""10H""]"
29,0,"[""QC"", ""6S"", ""2S""]","[""7S"", ""7D"", ""4C"", ""8C"", ""AC"", ""QH"", ""KH"", ""AH"", ""5S"", ""8H"", ""JS"", ""8D"", ""5C"", ""JH"", ""9S"", ""6D"", ""7C"", ""4D"", ""JC"", ""9H"", ""AS"", ""2H"", ""8S"", ""5D"", ""10S"", ""QS"", ""4S"", ""KC"", ""9D"", ""AD"", ""3C"", ""3D"", ""3S"", ""KS"", ""5H"", ""3H""]","[""Joker2"", ""QD"", ""9C"", ""KD"", ""10C"", ""7H"", ""4H"", ""2C"", ""10D"", ""Joker1"", ""6H"", ""JD"", ""6C"", ""2D"", ""10H""]"
30,1,"[""QC"", ""6S"", ""2S"", ""7S""]","[""7D"", ""4C"", ""8C"", ""AC"", ""QH"", ""KH"", ""AH"", ""5S"", ""8H"", ""JS"", ""8D"", ""5C"", ""JH"", ""9S"", ""6D"", ""7C"", ""4D"", ""JC"", ""9H"", ""AS"", ""2H"", ""8S"", ""5D"", ""10S"", ""QS"", ""4S"", ""KC"", ""9D"", ""AD"", ""3C"", ""3D"", ""3S"", ""KS"", ""5H"", ""3H""]","[""Joker2"", ""QD"", ""9C"", ""KD"", ""10C"", ""7H"", ""4H"", ""2C"", ""10D"", ""Joker1"", ""6H"", ""JD"", ""6C"", ""2D"", ""10H""]"
31,0,"[""QC"", ""6S"", ""2S"", ""7S"", ""Joker2""]","[""7D"", ""4C"", ""8C"", ""AC"", ""QH"", ""KH"", ""AH"", ""5S"", ""8H"", ""JS"", ""8D"", ""5C"", ""JH"", ""9S"", ""6D"", ""7C"", ""4D"", ""JC"", ""9H"", ""AS"", ""2H"", ""8S"", ""5D"", ""10S"", ""QS"", ""4S"", ""KC"", ""9D"", ""AD"", ""3C"", ""3D"", ""3S"", ""KS"", ""5H"", ""3H""]","[""QD"", ""9C"", ""KD"", ""10C"", ""7H"", ""4H"", ""2C"", ""10D"", ""Joker1"", ""6H"", ""JD"", ""6C"", ""2D"", ""10H""]"
31,0,"[""QC"", ""6S"", ""2S"", ""7S"", ""Joker2"", ""7D""]","[""4C"", ""8C"", ""AC"", ""QH"", ""KH"", ""AH"", ""5S"", ""8H"", ""JS"", ""8D"", ""5C"", ""JH"", ""9S"", ""6D"", ""7C"", ""4D"", ""JC"", ""9H"", ""AS"", ""2H"", ""8S"", ""5D"", ""10S"", ""QS"", ""4S"", ""KC"", ""9D"", ""AD"", ""3C"", ""3D"", ""3S"", ""KS"", ""5H"", ""3H""]","[""QD"", ""9C"", ""KD"", ""10C"", ""7H"", ""4H"", ""2C"", ""10D"", ""Joker1"", ""6H"", ""JD"", ""6C"", ""2D"", ""10H""]"
32,0,"[""QC"", ""6S"", ""2S""]","[""4C"", ""8C"", ""AC"", ""QH"", ""KH"", ""AH"", ""5S"", ""8H"", ""JS"", ""8D"", ""5C"", ""JH"", ""9S"", ""6D"", ""7C"", ""4D"", ""JC"", ""9H"", ""AS"", ""2H"", ""8S"", ""5D"", ""10S"", ""QS"", ""4S"", ""KC"", ""9D"", ""AD"", ""3C"", ""3D"", ""3S"", ""KS"", ""5H"", ""3H"", ""7S"", ""Joker2"", ""7D""]","[""QD"", ""9C"", ""KD"", ""10C"", ""7H"", ""4H"", ""2C"", ""10D"", ""Joker1"", ""6H"", ""JD"", ""6C"", ""2D"", ""10H""]"
33,1,"[""QC"", ""6S"", ""2S"", ""4C""]","[""8C"", ""AC"", ""QH"", ""KH"", ""AH"", ""5S"", ""8H"", ""JS"", ""8D"", ""5C"", ""JH"", ""9S"", ""6D"", ""7C"", ""4D"", ""JC"", ""9H"", ""AS"", ""2H"", ""8S"", ""5D"", ""10S"", ""QS"", ""4S"", ""KC"", ""9D"", ""AD"", ""3C"", ""3D"", ""3S"", ""KS"", ""5H"", ""3H"", ""7S"", ""Joker2"", ""7D""]","[""QD"", ""9C"", ""KD"", ""10C"", ""7H"", ""4H"", ""2C"", ""10D"", ""Joker1"", ""6H"", ""JD"", ""6C"", ""2D"", ""10H""]"
33,1,"[""QC"", ""6S"", ""2S"", ""4C"", ""QD""]","[""8C"", ""AC"", ""QH"", ""KH"", ""AH"", ""5S"", ""8H"", ""JS"", ""8D"", ""5C"", ""JH"", ""9S"", ""6D"", ""7C"", ""4D"", ""JC"", ""9H"", ""AS"", ""2H"", ""8S"", ""5D"", ""10S"", ""QS"", ""4S"", ""KC"", ""9D"", ""AD"", ""3C"", ""3D"", ""3S"", ""KS"", ""5H"", ""3H"", ""7S"", ""Joker2"", ""7D""]","[""9C"", ""KD"", ""10C"", ""7H"", ""4H"", ""2C"", ""10D"", ""Joker1"", ""6H"", ""JD"", ""6C"", ""2D"", ""10H""]"
34,1,[],"[""8C"", ""AC"", ""QH"", ""KH"", ""AH"", ""5S"", ""8H"", ""JS"", ""8D"", ""5C"", ""JH"", ""9S"", ""6D"", ""7C"", ""4D"", ""JC"", ""9H"", ""AS"", ""2H"", ""8S"", ""5D"", ""10S"", ""QS"", ""4S"", ""KC"", ""9D"", ""AD"", ""3C"", ""3D"", ""3S"", ""KS"", ""5H"", ""3H"", ""7S"", ""Joker2"", ""7D""]","[""9C"", ""KD"", ""10C"", ""7H"", ""4H"", ""2C"", ""10D"", ""Joker1"", ""6H"", ""JD"", ""6C"", ""2D"", ""10H"", ""QC"", ""6S"", ""2S"", ""4C"", ""QD""]"
35,0,"[""9C""]","[""8C"", ""AC"", ""QH"", ""KH"", ""AH"", ""5S"", ""8H"", ""JS"", ""8D"", ""5C"", ""JH"", ""9S"", ""6D"", ""7C"", ""4D"", ""JC"", ""9H"", ""AS"", ""2H"", ""8S"", ""5D"", ""10S"", ""QS"", ""4S"", ""KC"", ""9D"", ""AD"", ""3C"", ""3D"", ""3S"", ""KS"", ""5H"", ""3H"", ""7S"", ""Joker2"", ""7D""]","[""KD"", ""10C"", ""7H"", ""4H"", ""2C"", ""10D"", ""Joker1"", ""6H"", ""JD"", ""6C"", ""2D"", ""10H"", ""QC"", ""6S"", ""2S"", ""4C"", ""QD""]"
36,1,"[""9C"", ""8C""]","[""AC"", ""QH"", ""KH"", ""AH"", ""5S"", ""8H"", ""JS"", ""8D"", ""5C"", ""JH"", ""9S"", ""6D"", ""7C"", ""4D"", ""JC"", ""9H"", ""AS"", ""2H"", ""8S"", ""5D"", ""10S"", ""QS"", ""4S"", ""KC"", ""9D"", ""AD"", ""3C"", ""3D"", ""3S"", ""KS"", ""5H"", ""3H"", ""7S"", ""Joker2"", ""7D""]","[""KD"", ""10C"", ""7H"", ""4H"", ""2C"", ""10D"", ""Joker1"", ""6H"", ""JD"", ""6C"", ""2D"", ""10H"", ""QC"", ""6S"", ""2S"", ""4C"", ""QD""]"
37,0,"[""9C"", ""8C"", ""KD""]","[""AC"", ""QH"", ""KH"", ""AH"", ""5S"", ""8H"", ""JS"", ""8D"", ""5C"", ""JH"", ""9S"", ""6D"", ""7C"", ""4D"", ""JC"", ""9H"", ""AS"", ""2H"", ""8S"", ""5D"", ""10S"", ""QS"", ""4S"", ""KC"", ""9D"", ""AD"", ""3C"", ""3D"", ""3S"", ""KS"", ""5H"", ""3H"", ""7S"", ""Joker2"", ""7D""]","[""10C"", ""7H"", ""4H"", ""2C"", ""10D"", ""Joker1"", ""6H"", ""JD"", ""6C"", ""2D"", ""10H"", ""QC"", ""6S"", ""2S"", ""4C"", ""QD""]"
38,1,"[""9C"", ""8C"", ""KD"", ""AC""]","[""QH"", ""KH"", ""AH"", ""5S"", ""8H"", ""JS"", ""8D"", ""5C"", ""JH"", ""9S"", ""6D"", ""7C"", ""4D"", ""JC"", ""9H"", ""AS"", ""2H"", ""8S"", ""5D"", ""10S"", ""QS"", ""4S"", ""KC"", ""9D"", ""AD"", ""3C"", ""3D"", ""3S"", ""KS"", ""5H"", ""3H"", ""7S"", ""Joker2"", ""7D""]","[""10C"", ""7H"", ""4H"", ""2C"", ""10D"", ""Joker1"", ""6H"", ""JD"", ""6C"", ""2D"", ""10H"", ""QC"", ""6S"", ""2S"", ""4C"", ""QD""]"
39,0,"[""9C"", ""8C"", ""KD"", ""AC"", ""10C""]","[""QH"", ""KH"", ""AH"", ""5S"", ""8H"", ""JS"", ""8D"", ""5C"", ""JH"", ""9S"", ""6D"", ""7C"", ""4D"", ""JC"", ""9H"", ""AS"", ""2H"", ""8S"", ""5D"", ""10S"", ""QS"", ""4S"", ""KC"", ""9D"", ""AD"", ""3C"", ""3D"", ""3S"", ""KS"", ""5H"", ""3H"", ""7S"", ""Joker2"", ""7D""]","[""7H"", ""4H"", ""2C"", ""10D"", ""Joker1"", ""6H"", ""JD"", ""6C"", ""2D"", ""10H"", ""QC"", ""6S"", ""2S"", ""4C"", ""QD""]"
40,1,"[""9C"", ""8C"", ""KD"", ""AC"", ""10C"", ""QH""]","[""KH"", ""AH"", ""5S"", ""8H"", ""JS"", ""8D"", ""5C"", ""JH"", ""9S"", ""6D"", ""7C"", ""4D"", ""JC"", ""9H"", ""AS"", ""2H"", ""8S"", ""5D"", ""10S"", ""QS"", ""4S"", ""KC"", ""9D"", ""AD"", ""3C"", ""3D"", ""3S"", ""KS"", ""5H"", ""3H"", ""7S"", ""Joker2"", ""7D""]","[""7H"", ""4H"", ""2C"", ""10D"", ""Joker1"", ""6H"", ""JD"", ""6C"", ""2D"", ""10H"", ""QC"", ""6S"", ""2S"", ""4C"", ""QD""]"
41,0,"[""9C"", ""8C"", ""KD"", ""AC"", ""10C"", ""QH"", ""7H""]","[""KH"", ""AH"", ""5S"", ""8H"", ""JS"", ""8D"", ""5C"", ""JH"", ""9S"", ""6D"", ""7C"", ""4D"", ""JC"", ""9H"", ""AS"", ""2H"", ""8S"", ""5D"", ""10S"", ""QS"", ""4S"", ""KC"", ""9D"", ""AD"", ""3C"", ""3D"", ""3S"", ""KS"", ""5H"", ""3H"", ""7S"", ""Joker2"", ""7D""]","[""4H"", ""2C"", ""10D"", ""Joker1"", ""6H"", ""JD"", ""6C"", ""2D"", ""10H"", ""QC"", ""6S"", ""2S"", ""4C"", ""QD""]"
41,0,"[""9C"", ""8C"", ""KD"", ""AC"", ""10C"", ""QH"", ""7H"", ""KH""]","[""AH"", ""5S"", ""8H"", ""JS"", ""8D"", ""5C"", ""JH"", ""9S"", ""6D"", ""7C"", ""4D"", ""JC"", ""9H"", ""AS"", ""2H"", ""8S"", ""5D"", ""10S"", ""QS"", ""4S"", ""KC"", ""9D"", ""AD"", ""3C"", ""3D"", ""3S"", ""KS"", ""5H"", ""3H"", ""7S"", ""Joker2"", ""7D""]","[""4H"", ""2C"", ""10D"", ""Joker1"", ""6H"", ""JD"", ""6C"", ""2D"", ""10H"", ""QC"", ""6S"", ""2S"", ""4C"", ""QD""]"
42,0,"[""9C"", ""8C""]","[""AH"", ""5S"", ""8H"", ""JS"", ""8D"", ""5C"", ""JH"", ""9S"", ""6D"", ""7C"", ""4D"", ""JC"", ""9H"", ""AS"", ""2H"", ""8S"", ""5D"", ""10S"", ""QS"", ""4S"", ""KC"", ""9D"", ""AD"", ""3C"", ""3D"", ""3S"", ""KS"", ""5H"", ""3H"", ""7S"", ""Joker2"", ""7D"", ""KD"", ""AC"", ""10C"", ""QH"", ""7H"", ""KH""]","[""4H"", ""2C"", ""10D"", ""Joker1"", ""6H"", ""JD"", ""6C"", ""2D"", ""10H"", ""QC"", ""6S"", ""2S"", ""4C"", ""QD""]"
43,1,"[""9C"", ""8C"", ""AH""]","[""5S"", ""8H"", ""JS"", ""8D"", ""5C"", ""JH"", ""9S"", ""6D"", ""7C"", ""4D"", ""JC"", ""9H"", ""AS"", ""2H"", ""8S"", ""5D"", ""10S"", ""QS"", ""4S"", ""KC"", ""9D"", ""AD"", ""3C"", ""3D"", ""3S"", ""KS"", ""5H"", ""3H"", ""7S"", ""Joker2"", ""7D"", ""KD"", ""AC"", ""10C"", ""QH"", ""7H"", ""KH""]","[""4H"", ""2C"", ""10D"", ""Joker1"", ""6H"", ""JD"", ""6C"", ""2D"", ""10H"", ""QC"", ""6S"", ""2S"", ""4C"", ""QD""]"
44,0,"[""9C"", ""8C"", ""AH"", ""4H""]","[""5S"", ""8H"", ""JS"", ""8D"", ""5C"", ""JH"", ""9S"", ""6D"", ""7C"", ""4D"", ""JC"", ""9H"", ""AS"", ""2H"", ""8S"", ""5D"", ""10S"", ""QS"", ""4S"", ""KC"", ""9D"", ""AD"", ""3C"", ""3D"", ""3S"", ""KS"", ""5H"", ""3H"", ""7S"", ""Joker2"", ""7D"", ""KD"", ""AC"", ""10C"", ""QH"", ""7H"", ""KH""]","[""2C"", ""10D"", ""Joker1"", ""6H"", ""JD"", ""6C"", ""2D"", ""10H"", ""QC"", ""6S"", ""2S"", ""4C"", ""QD""]"
45,1,"[""9C"", ""8C"", ""AH"", ""4H"", ""5S""]","[""8H"", ""JS"", ""8D"", ""5C"", ""JH"", ""9S"", ""6D"", ""7C"", ""4D"", ""JC"", ""9H"", ""AS"", ""2H"", ""8S"", ""5D"", ""10S"", ""QS"", ""4S"", ""KC"", ""9D"", ""AD"", ""3C"", ""3D"", ""3S"", ""KS"", ""5H"", ""3H"", ""7S"", ""Joker2"", ""7D"", ""KD"", ""AC"", ""10C"", ""QH"", ""7H"", ""KH""]","[""2C"", ""10D"", ""Joker1"", ""6H"", ""JD"", ""6C"", ""2D"", ""10H"", ""QC"", ""6S"", ""2S"", ""4C"", ""QD""]"
46,0,"[""9C"", ""8C"", ""AH"", ""4H"", ""5S"", ""2C""]","[""8H"", ""JS"", ""8D"", ""5C"", ""JH"", ""9S"", ""6D"", ""7C"", ""4D"", ""JC"", ""9H"", ""AS"", ""2H"", ""8S"", ""5D"", ""10S"", ""QS"", ""4S"", ""KC"", ""9D"", ""AD"", ""3C"", ""3D"", ""3S"", ""KS"", ""5H"", ""3H"", ""7S"", ""Joker2"", ""7D"", ""KD"", ""AC"", ""10C"", ""QH"", ""7H"", ""KH""]","[""10D"", ""Joker1"", ""6H"", ""JD"", ""6C"", ""2D"", ""10H"", ""QC"", ""6S"", ""2S"", ""4C"", ""QD""]"
46,0,"[""9C"", ""8C"", ""AH"", ""4H"", ""5S"", ""2C"", ""8H""]","[""JS"", ""8D"", ""5C"", ""JH"", ""9S"", ""6D"", ""7C"", ""4D"", ""JC"", ""9H"", ""AS"", ""2H"", ""8S"", ""5D"", ""10S"", ""QS"", ""4S"", ""KC"", ""9D"", ""AD"", ""3C"", ""3D"", ""3S"", ""KS"", ""5H"", ""3H"", ""7S"", ""Joker2"", ""7D"", ""KD"", ""AC"", ""10C"", ""QH"", ""7H"", ""KH""]","[""10D"", ""Joker1"", ""6H"", ""JD"", ""6C"", ""2D"", ""10H"", ""QC"", ""6S"", ""2S"", ""4C"", ""QD""]"
47,0,"[""9C""]","[""JS"", ""8D"", ""5C"", ""JH"", ""9S"", ""6D"", ""7C"", ""4D"", ""JC"", ""9H"", ""AS"", ""2H"", ""8S"", ""5D"", ""10S"", ""QS"", ""4S"", ""KC"", ""9D"", ""AD"", ""3C"", ""3D"", ""3S"", ""KS"", ""5H"", ""3H"", ""7S"", ""Joker2"", ""7D"", ""KD"", ""AC"", ""10C"", ""QH"", ""7H"", ""KH"", ""8C"", ""AH"", ""4H"", ""5S"", ""2C"", ""8H""]","[""10D"", ""Joker1"", ""6H"", ""JD"", ""6C"", ""2D"", ""10H"", ""QC"", ""6S"", ""2S"", ""4C"", ""QD""]"
48,1,"[""9C"", ""JS""]","[""8D"", ""5C"", ""JH"", ""9S"", ""6D"", ""7C"", ""4D"", ""JC"", ""9H"", ""AS"", ""2H"", ""8S"", ""5D"", ""10S"", ""QS"", ""4S"", ""KC"", ""9D"", ""AD"", ""3C"", ""3D"", ""3S"", ""KS"", ""5H"", ""3H"", ""7S"", ""Joker2"", ""7D"", ""KD"", ""AC"", ""10C"", ""QH"", ""7H"", ""KH"", ""8C"", ""AH"", ""4H"", ""5S"", ""2C"", ""8H""]","[""10D"", ""Joker1"", ""6H"", ""JD"", ""6C"", ""2D"", ""10H"", ""QC"", ""6S"", ""2S"", ""4C"", ""QD""]"
49,0,"[""9C"", ""JS"", ""10D""]","[""8D"", ""5C"", ""JH"", ""9S"", ""6D"", ""7C"", ""4D"", ""JC"", ""9H"", ""AS"", ""2H"", ""8S"", ""5D"", ""10S"", ""QS"", ""4S"", ""KC"", ""9D"", ""AD"", ""3C"", ""3D"", ""3S"", ""KS"", ""5H"", ""3H"", ""7S"", ""Joker2"", ""7D"", ""KD"", ""AC"", ""10C"", ""QH"", ""7H"", ""KH"", ""8C"", ""AH"", ""4H"", ""5S"", ""2C"", ""8H""]","[""Joker1"", ""6H"", ""JD"", ""6C"", ""2D"", ""10H"", ""QC"", ""6S"", ""2S"", ""4C"", ""QD""]"
50,1,"[""9C"", ""JS"", ""10D"", ""8D""]","[""5C"", ""JH"", ""9S"", ""6D"", ""7C"", ""4D"", ""JC"", ""9H"", ""AS"", ""2H"", ""8S"", ""5D"", ""10S"", ""QS"", ""4S"", ""KC"", ""9D"", ""AD"", ""3C"", ""3D"", ""3S"", ""KS"", ""5H"", ""3H"", ""7S"", ""Joker2"", ""7D"", ""KD"", ""AC"", ""10C"", ""QH"", ""7H"", ""KH"", ""8C"", ""AH"", ""4H"", ""5S"", ""2C"", ""8H""]","[""Joker1"", ""6H"", ""JD"", ""6C"", ""2D"", ""10H"", ""QC"", ""6S"", ""2S"", ""4C"", ""QD""]"
51,0,"[""9C"", ""JS"", ""10D"", ""8D"", ""Joker1""]","[""5C"", ""JH"", ""9S"", ""6D"", ""7C"", ""4D"", ""JC"", ""9H"", ""AS"", ""2H"", ""8S"", ""5D"", ""10S"", ""QS"", ""4S"", ""KC"", ""9D"", ""AD"", ""3C"", ""3D"", ""3S"", ""KS"", ""5H"", ""3H"", ""7S"", ""Joker2"", ""7D"", ""KD"", ""AC"", ""10C"", ""QH"", ""7H"", ""KH"", ""8C"", ""AH"", ""4H"", ""5S"", ""2C"", ""8H""]","[""6H"", ""JD"", ""6C"", ""2D"", ""10H"", ""QC"", ""6S"", ""2S"", ""4C"", ""QD""]"
52,1,"[""9C"", ""JS"", ""10D"", ""8D"", ""Joker1"", ""5C""]","[""JH"", ""9S"", ""6D"", ""7C"", ""4D"", ""JC"", ""9H"", ""AS"", ""2H"", ""8S"", ""5D"", ""10S"", ""QS"", ""4S"", ""KC"", ""9D"", ""AD"", ""3C"", ""3D"", ""3S"", ""KS"", ""5H"", ""3H"", ""7S"", ""Joker2"", ""7D"", ""KD"", ""AC"", ""10C"", ""QH"", ""7H"", ""KH"", ""8C"", ""AH"", ""4H"", ""5S"", ""2C"", ""8H""]","[""6H"", ""JD"", ""6C"", ""2D"", ""10H"", ""QC"", ""6S"", ""2S"", ""4C"", ""QD""]"
53,0,"[""9C"", ""JS"", ""10D"", ""8D"", ""Joker1"", ""5C"", ""6H""]","[""JH"", ""9S"", ""6D"", ""7C"", ""4D"", ""JC"", ""9H"", ""AS"", ""2H"", ""8S"", ""5D"", ""10S"", ""QS"", ""4S"", ""KC"", ""9D"", ""AD"", ""3C"", ""3D"", ""3S"", ""KS"", ""5H"", ""3H"", ""7S"", ""Joker2"", ""7D"", ""KD"", ""AC"", ""10C"", ""QH"", ""7H"", ""KH"", ""8C"", ""AH"", ""4H"", ""5S"", ""2C"", ""8H""]","[""JD"", ""6C"", ""2D"", ""10H"", ""QC"", ""6S"", ""2S"", ""4C"", ""QD""]"
53,0,"[""9C"", ""JS"", ""10D"", ""8D"", ""Joker1"", ""5C"", ""6H"", ""JH""]","[""9S"", ""6D"", ""7C"", ""4D"", ""JC"", ""9H"", ""AS"", ""2H"", ""8S"", ""5D"", ""10S"", ""QS"", ""4S"", ""KC"", ""9D"", ""AD"", ""3C"", ""3D"", ""3S"", ""KS"", ""5H"", ""3H"", ""7S"", ""Joker2"", ""7D"", ""KD"", ""AC"", ""10C"", ""QH"", ""7H"", ""KH"", ""8C"", ""AH"", ""4H"", ""5S"", ""2C"", ""8H""]","[""JD"", ""6C"", ""2D"", ""10H"", ""QC"", ""6S"", ""2S"", ""4C"", ""QD""]"
54,0,"[""9C""]","[""9S"", ""6D"", ""7C"", ""4D"", ""JC"", ""9H"", ""AS"", ""2H"", ""8S"", ""5D"", ""10S"", ""QS"", ""4S"", ""KC"", ""9D"", ""AD"", ""3C"", ""3D"", ""3S"", ""KS"", ""5H"", ""3H"", ""7S"", ""Joker2"", ""7D"", ""KD"", ""AC"", ""10C"", ""QH"", ""7H"", ""KH"", ""8C"", ""AH"", ""4H"", ""5S"", ""2C"", ""8H"", ""JS"", ""10D"", ""8D"", ""Joker1"", ""5C"", ""6H"", ""JH""]","[""JD"", ""6C"", ""2D"", ""10H"", ""QC"", ""6S"", ""2S"", ""4C"", ""QD""]"
54,0,"[""9C"", ""9S""]","[""6D"", ""7C"", ""4D"", ""JC"", ""9H"", ""AS"", ""2H"", ""8S"", ""5D"", ""10S"", ""QS"", ""4S"", ""KC"", ""9D"", ""AD"", ""3C"", ""3D"", ""3S"", ""KS"", ""5H"", ""3H"", ""7S"", ""Joker2"", ""7D"", ""KD"", ""AC"", ""10C"", ""QH"", ""7H"", ""KH"", ""8C"", ""AH"", ""4H"", ""5S"", ""2C"", ""8H"", ""JS"", ""10D"", ""8D"", ""Joker1"", ""5C"", ""6H"", ""JH""]","[""JD"", ""6C"", ""2D"", ""10H"", ""QC"", ""6S"", ""2S"", ""4C"", ""QD""]"
55,0,[],"[""6D"", ""7C"", ""4D"", ""JC"", ""9H"", ""AS"", ""2H"", ""8S"", ""5D"", ""10S"", ""QS"", ""4S"", ""KC"", ""9D"", ""AD"", ""3C"", ""3D"", ""3S"", ""KS"", ""5H"", ""3H"", ""7S"", ""Joker2"", ""7D"", ""KD"", ""AC"", ""10C"", ""QH"", ""7H"", ""KH"", ""8C"", ""AH"", ""4H"", ""5S"", ""2C"", ""8H"", ""JS"", ""10D"", ""8D"", ""Joker1"", ""5C"", ""6H"", ""JH"", ""9C"", ""9S""]","[""JD"", ""6C"", ""2D"", ""10H"", ""QC"", ""6S"", ""2S"", ""4C"", ""QD""]"
56,1,"[""6D""]","[""7C"", ""4D"", ""JC"", ""9H"", ""AS"", ""2H"", ""8S"", ""5D"", ""10S"", ""QS"", ""4S"", ""KC"", ""9D"", ""AD"", ""3C"", ""3D"", ""3S"", ""KS"", ""5H"", ""3H"", ""7S"", ""Joker2"", ""7D"", ""KD"", ""AC"", ""10C"", ""QH"", ""7H"", ""KH"", ""8C"", ""AH"", ""4H"", ""5S"", ""2C"", ""8H"", ""JS"", ""10D"", ""8D"", ""Joker1"", ""5C"", ""6H"", ""JH"", ""9C"", ""9S""]","[""JD"", ""6C"", ""2D"", ""10H"", ""QC"", ""6S"", ""2S"", ""4C"", ""QD""]"
57,0,"[""6D"", ""JD""]","[""7C"", ""4D"", ""JC"", ""9H"", ""AS"", ""2H"", ""8S"", ""5D"", ""10S"", ""QS"", ""4S"", ""KC"", ""9D"", ""AD"", ""3C"", ""3D"", ""3S"", ""KS"", ""5H"", ""3H"", ""7S"", ""Joker2"", ""7D"", ""KD"", ""AC"", ""10C"", ""QH"", ""7H"", ""KH"", ""8C"", ""AH"", ""4H"", ""5S"", ""2C"", ""8H"", ""JS"", ""10D"", ""8D"", ""Joker1"", ""5C"", ""6H"", ""JH"", ""9C"", ""9S""]","[""6C"", ""2D"", ""10H"", ""QC"", ""6S"", ""2S"", ""4C"", ""QD""]"
58,1,"[""6D"", ""JD"", ""7C""]","[""4D"", ""JC"", ""9H"", ""AS"", ""2H"", ""8S"", ""5D"", ""10S"", ""QS"", ""4S"", ""KC"", ""9D"", ""AD"", ""3C"", ""3D"", ""3S"", ""KS"", ""5H"", ""3H"", ""7S"", ""Joker2"", ""7D"", ""KD"", ""AC"", ""10C"", ""QH"", ""7H"", ""KH"", ""8C"", ""AH"", ""4H"", ""5S"", ""2C"", ""8H"", ""JS"", ""10D"", ""8D"", ""Joker1"", ""5C"", ""6H"", ""JH"", ""9C"", ""9S""]","[""6C"", ""2D"", ""10H"", ""QC"", ""6S"", ""2S"", ""4C"", ""QD""]"
58,1,"[""6D"", ""JD"", ""7C"", ""6C""]","[""4D"", ""JC"", ""9H"", ""AS"", ""2H"", ""8S"", ""5D"", ""10S"", ""QS"", ""4S"", ""KC"", ""9D"", ""AD"", ""3C"", ""3D"", ""3S"", ""KS"", ""5H"", ""3H"", ""7S"", ""Joker2"", ""7D"", ""KD"", ""AC"", ""10C"", ""QH"", ""7H"", ""KH"", ""8C"", ""AH"", ""4H"", ""5S"", ""2C"", ""8H"", ""JS"", ""10D"", ""8D"", ""Joker1"", ""5C"", ""6H"", ""JH"", ""9C"", ""9S""]","[""2D"", ""10H"", ""QC"", ""6S"", ""2S"", ""4C"", ""QD""]"
59,1,[],"[""4D"", ""JC"", ""9H"", ""AS"", ""2H"", ""8S"", ""5D"", ""10S"", ""QS"", ""4S"", ""KC"", ""9D"", ""AD"", ""3C"", ""3D"", ""3S"", ""KS"", ""5H"", ""3H"", ""7S"", ""Joker2"", ""7D"", ""KD"", ""AC"", ""10C"", ""QH"", ""7H"", ""KH"", ""8C"", ""AH"", ""4H"", ""5S"", ""2C"", ""8H"", ""JS"", ""10D"", ""8D"", ""Joker1"", ""5C"", ""6H"", ""JH"", ""9C"", ""9S""]","[""2D"", ""10H"", ""QC"", ""6S"", ""2S"", ""4C"", ""QD"", ""6D"", ""JD"", ""7C"", ""6C""]"
60,0,"[""2D""]","[""4D"", ""JC"", ""9H"", ""AS"", ""2H"", ""8S"", ""5D"", ""10S"", ""QS"", ""4S"", ""KC"", ""9D"", ""AD"", ""3C"", ""3D"", ""3S"", ""KS"", ""5H"", ""3H"", ""7S"", ""Joker2"", ""7D"", ""KD"", ""AC"", ""10C"", ""QH"", ""7H"", ""KH"", ""8C"", ""AH"", ""4H"", ""5S"", ""2C"", ""8H"", ""JS"", ""10D"", ""8D"", ""Joker1"", ""5C"", ""6H"", ""JH"", ""9C"", ""9S""]","[""10H"", ""QC"", ""6S"", ""2S"", ""4C"", ""QD"", ""6D"", ""JD"", ""7C"", ""6C""]"
61,1,"[""2D"", ""4D""]","[""JC"", ""9H"", ""AS"", ""2H"", ""8S"", ""5D"", ""10S"", ""QS"", ""4S"", ""KC"", ""9D"", ""AD"", ""3C"", ""3D"", ""3S"", ""KS"", ""5H"", ""3H"", ""7S"", ""Joker2"", ""7D"", ""KD"", ""AC"", ""10C"", ""QH"", ""7H"", ""KH"", ""8C"", ""AH"", ""4H"", ""5S"", ""2C"", ""8H"", ""JS"", ""10D"", ""8D"", ""Joker1"", ""5C"", ""6H"", ""JH"", ""9C"", ""9S""]","[""10H"", ""QC"", ""6S"", ""2S"", ""4C"", ""QD"", ""6D"", ""JD"", ""7C"", ""6C""]"
62,0,"[""2D"", ""4D"", ""10H""]","[""JC"", ""9H"", ""AS"", ""2H"", ""8S"", ""5D"", ""10S"", ""QS"", ""4S"", ""KC"", ""9D"", ""AD"", ""3C"", ""3D"", ""3S"", ""KS"", ""5H"", ""3H"", ""7S"", ""Joker2"", ""7D"", ""KD"", ""AC"", ""10C"", ""QH"", ""7H"", ""KH"", ""8C"", ""AH"", ""4H"", ""5S"", ""2C"", ""8H"", ""JS"", ""10D"", ""8D"", ""Joker1"", ""5C"", ""6H"", ""JH"", ""9C"", ""9S""]","[""QC"", ""6S"", ""2S"", ""4C"", ""QD"", ""6D"", ""JD"", ""7C"", ""6C""]"
63,1,"[""2D"", ""4D"", ""10H"", ""JC""]","[""9H"", ""AS"", ""2H"", ""8S"", ""5D"", ""10S"", ""QS"", ""4S"", ""KC"", ""9D"", ""AD"", ""3C"", ""3D"", ""3S"", ""KS"", ""5H"", ""3H"", ""7S"", ""Joker2"", ""7D"", ""KD"", ""AC"", ""10C"", ""QH"", ""7H"", ""KH"", ""8C"", ""AH"", ""4H"", ""5S"", ""2C"", ""8H"", ""JS"", ""10D"", ""8D"", ""Joker1"", ""5C"", ""6H"", ""JH"", ""9C"", ""9S""]","[""QC"", ""6S"", ""2S"", ""4C"", ""QD"", ""6D"", ""JD"", ""7C"", ""6C""]"
64,0,"[""2D"", ""4D"", ""10H"", ""JC"", ""QC""]","[""9H"", ""AS"", ""2H"", ""8S"", ""5D"", ""10S"", ""QS"", ""4S"", ""KC"", ""9D"", ""AD"", ""3C"", ""3D"", ""3S"", ""KS"", ""5H"", ""3H"", ""7S"", ""Joker2"", ""7D"", ""KD"", ""AC"", ""10C"", ""QH"", ""7H"", ""KH"", ""8C"", ""AH"", ""4H"", ""5S"", ""2C"", ""8H"", ""JS"", ""10D"", ""8D"", ""Joker1"", ""5C"", ""6H"", ""JH"", ""9C"", ""9S""]","[""6S"", ""2S"", ""4C"", ""QD"", ""6D"", ""JD"", ""7C"", ""6C""]"
65,1,"[""2D"", ""4D"", ""10H"", ""JC"", ""QC"", ""9H""]","[""AS"", ""2H"", ""8S"", ""5D"", ""10S"", ""QS"", ""4S"", ""KC"", ""9D"", ""AD"", ""3C"", ""3D"", ""3S"", ""KS"", ""5H"", ""3H"", ""7S"", ""Joker2"", ""7D"", ""KD"", ""AC"", ""10C"", ""QH"", ""7H"", ""KH"", ""8C"", ""AH"", ""4H"", ""5S"", ""2C"", ""8H"", ""JS"", ""10D"", ""8D"", ""Joker1"", ""5C"", ""6H"", ""JH"", ""9C"", ""9S""]","[""6S"", ""2S"", ""4C"", ""QD"", ""6D"", ""JD"", ""7C"", ""6C""]"
66,0,"[""2D"", ""4D"", ""10H"", ""JC"", ""QC"", ""9H"", ""6S""]","[""AS"", ""2H"", ""8S"", ""5D"", ""10S"", ""QS"", ""4S"", ""KC"", ""9D"", ""AD"", ""3C"", ""3D"", ""3S"", ""KS"", ""5H"", ""3H"", ""7S"", ""Joker2"", ""7D"", ""KD"", ""AC"", ""10C"", ""QH"", ""7H"", ""KH"", ""8C"", ""AH"", ""4H"", ""5S"", ""2C"", ""8H"", ""JS"", ""10D"", ""8D"", ""Joker1"", ""5C"", ""6H"", ""JH"", ""9C"", ""9S""]","[""2S"", ""4C"", ""QD"", ""6D"", ""JD"", ""7C"", ""6C""]"
67,1,"[""2D"", ""4D"", ""10H"", ""JC"", ""QC"", ""9H"", ""6S"", ""AS""]","[""2H"", ""8S"", ""5D"", ""10S"", ""QS"", ""4S"", ""KC"", ""9D"", ""AD"", ""3C"", ""3D"", ""3S"", ""KS"", ""5H"", ""3H"", ""7S"", ""Joker2"", ""7D"", ""KD"", ""AC"", ""10C"", ""QH"", ""7H"", ""KH"", ""8C"", ""AH"", ""4H"", ""5S"", ""2C"", ""8H"", ""JS"", ""10D"", ""8D"", ""Joker1"", ""5C"", ""6H"", ""JH"", ""9C"", ""9S""]","[""2S"", ""4C"", ""QD"", ""6D"", ""JD"", ""7C"", ""6C""]"
67,1,"[""2D"", ""4D"", ""10H"", ""JC"", ""QC"", ""9H"", ""6S"", ""AS"", ""2S""]","[""2H"", ""8S"", ""5D"", ""10S"", ""QS"", ""4S"", ""KC"", ""9D"", ""AD"", ""3C"", ""3D"", ""3S"", ""KS"", ""5H"", ""3H"", ""7S"", ""Joker2"", ""7D"", ""KD"", ""AC"", ""10C"", ""QH"", ""7H"", ""KH"", ""8C"", ""AH"", ""4H"", ""5S"", ""2C"", ""8H"", ""JS"", ""10D"", ""8D"", ""Joker1"", ""5C"", ""6H"", ""JH"", ""9C"", ""9S""]","[""4C"", ""QD"", ""6D"", ""JD"", ""7C"", ""6C""]"
68,1,[],"[""2H"", ""8S"", ""5D"", ""10S"", ""QS"", ""4S"", ""KC"", ""9D"", ""AD"", ""3C"", ""3D"", ""3S"", ""KS"", ""5H"", ""3H"", ""7S"", ""Joker2"", ""7D"", ""KD"", ""AC"", ""10C"", ""QH"", ""7H"", ""KH"", ""8C"", ""AH"", ""4H"", ""5S"", ""2C"", ""8H"", ""JS"", ""10D"", ""8D"", ""Joker1"", ""5C"", ""6H"", ""JH"", ""9C"", ""9S""]","[""4C"", ""QD"", ""6D"", ""JD"", ""7C"", ""6C"", ""2D"", ""4D"", ""10H"", ""JC"", ""QC"", ""9H"", ""6S"", ""AS"", ""2S""]"
69,0,"[""4C""]","[""2H"", ""8S"", ""5D"", ""10S"", ""QS"", ""4S"", ""KC"", ""9D"", ""AD"", ""3C"", ""3D"", ""3S"", ""KS"", ""5H"", ""3H"", ""7S"", ""Joker2"", ""7D"", ""KD"", ""AC"", ""10C"", ""QH"", ""7H"", ""KH"", ""8C"", ""AH"", ""4H"", ""5S"", ""2C"", ""8H"", ""JS"", ""10D"", ""8D"", ""Joker1"", ""5C"", ""6H"", ""JH"", ""9C"", ""9S""]","[""QD"", ""6D"", ""JD"", ""7C"", ""6C"", ""2D"", ""4D"", ""10H"", ""JC"", ""QC"", ""9H"", ""6S"", ""AS"", ""2S""]"
70,1,"[""4C"", ""2H""]","[""8S"", ""5D"", ""10S"", ""QS"", ""4S"", ""KC"", ""9D"", ""AD"", ""3C"", ""3D"", ""3S"", ""KS"", ""5H"", ""3H"", ""7S"", ""Joker2"", ""7D"", ""KD"", ""AC"", ""10C"", ""QH"", ""7H"", ""KH"", ""8C"", ""AH"", ""4H"", ""5S"", ""2C"", ""8H"", ""JS"", ""10D"", ""8D"", ""Joker1"", ""5C"", ""6H"", ""JH"", ""9C"", ""9S""]","[""QD"", ""6D"", ""JD"", ""7C"", ""6C"", ""2D"", ""4D"", ""10H"", ""JC"", ""QC"", ""9H"", ""6S"", ""AS"", ""2S""]"
71,0,"[""4C"", ""2H"", ""QD""]","[""8S"", ""5D"", ""10S"", ""QS"", ""4S"", ""KC"", ""9D"", ""AD"", ""3C"", ""3D"", ""3S"", ""KS"", ""5H"", ""3H"", ""7S"", ""Joker2"", ""7D"", ""KD"", ""AC"", ""10C"", ""QH"", ""7H"", ""KH"", ""8C"", ""AH"", ""4H"", ""5S"", ""2C"", ""8H"", ""JS"", ""10D"", ""8D"", ""Joker1"", ""5C"", ""6H"", ""JH"", ""9C"", ""9S""]","[""6D"", ""JD"", ""7C"", ""6C"", ""2D"", ""4D"", ""10H"", ""JC"", ""QC"", ""9H"", ""6S"", ""AS"", ""2S""]"
72,1,"[""4C"", ""2H"", ""QD"", ""8S""]","[""5D"", ""10S"", ""QS"", ""4S"", ""KC"", ""9D"", ""AD"", ""3C"", ""3D"", ""3S"", ""KS"", ""5H"", ""3H"", ""7S"", ""Joker2"", ""7D"", ""KD"", ""AC"", ""10C"", ""QH"", ""7H"", ""KH"", ""8C"", ""AH"", ""4H"", ""5S"", ""2C"", ""8H"", ""JS"", ""10D"", ""8D"", ""Joker1"", ""5C"", ""6H"", ""JH"", ""9C"", ""9S""]","[""6D"", ""JD"", ""7C"", ""6C"", ""2D"", ""4D"", ""10H"", ""JC"", ""QC"", ""9H"", ""6S"", ""AS"", ""2S""]"
73,0,"[""4C"", ""2H"", ""QD"", ""8S"", ""6D""]","[""5D"", ""10S"", ""QS"", ""4S"", ""KC"", ""9D"", ""AD"", ""3C"", ""3D"", ""3S"", ""KS"", ""5H"", ""3H"", ""7S"", ""Joker2"", ""7D"", ""KD"", ""AC"", ""10C"", ""QH"", ""7H"", ""KH"", ""8C"", ""AH"", ""4H"", ""5S"", ""2C"", ""8H"", ""JS"", ""10D"", ""8D"", ""Joker1"", ""5C"", ""6H"", ""JH"", ""9C"", ""9S""]","[""JD"", ""7C"", ""6C"", ""2D"", ""4D"", ""10H"", ""JC"", ""QC"", ""9H"", ""6S"", ""AS"", ""2S""]"
74,1,"[""4C"", ""2H"", ""QD"", ""8S"", ""6D"", ""5D""]","[""10S"", ""QS"", ""4S"", ""KC"", ""9D"", ""AD"", ""3C"", ""3D"", ""3S"", ""KS"", ""5H"", ""3H"", ""7S"", ""Joker2"", ""7D"", ""KD"", ""AC"", ""10C"", ""QH"", ""7H"", ""KH"", ""8C"", ""AH"", ""4H"", ""5S"", ""2C"", ""8H"", ""JS"", ""10D"", ""8D"", ""Joker1"", ""5C"", ""6H"", ""JH"", ""9C"", ""9S""]","[""JD"", ""7C"", ""6C"", ""2D"", ""4D"", ""10H"", ""JC"", ""QC"", ""9H"", ""6S"", ""AS"", ""2S""]"
75,0,"[""4C"", ""2H"", ""QD"", ""8S"", ""6D"", ""5D"", ""JD""]","[""10S"", ""QS"", ""4S"", ""KC"", ""9D"", ""AD"", ""3C"", ""3D"", ""3S"", ""KS"", ""5H"", ""3H"", ""7S"", ""Joker2"", ""7D"", ""KD"", ""AC"", ""10C"", ""QH"", ""7H"", ""KH"", ""8C"", ""AH"", ""4H"", ""5S"", ""2C"", ""8H"", ""JS"", ""10D"", ""8D"", ""Joker1"", ""5C"", ""6H"", ""JH"", ""9C"", ""9S""]","[""7C"", ""6C"", ""2D"", ""4D"", ""10H"", ""JC"", ""QC"", ""9H"", ""6S"", ""AS"", ""2S""]"
76,1,"[""4C"", ""2H"", ""QD"", ""8S"", ""6D"", ""5D"", ""JD"", ""10S""]","[""QS"", ""4S"", ""KC"", ""9D"", ""AD"", ""3C"", ""3D"", ""3S"", ""KS"", ""5H"", ""3H"", ""7S"", ""Joker2"", ""7D"", ""KD"", ""AC"", ""10C"", ""QH"", ""7H"", ""KH"", ""8C"", ""AH"", ""4H"", ""5S"", ""2C"", ""8H"", ""JS"", ""10D"", ""8D"", ""Joker1"", ""5C"", ""6H"", ""JH"", ""9C"", ""9S""]","[""7C"", ""6C"", ""2D"", ""4D"", ""10H"", ""JC"", ""QC"", ""9H"", ""6S"", ""AS"", ""2S""]"
77,0,"[""4C"", ""2H"", ""QD"", ""8S"", ""6D"", ""5D"", ""JD"", ""10S"", ""7C""]","[""QS"", ""4S"", ""KC"", ""9D"", ""AD"", ""3C"", ""3D"", ""3S"", ""KS"", ""5H"", ""3H"", ""7S"", ""Joker2"", ""7D"", ""KD"", ""AC"", ""10C"", ""QH"", ""7H"", ""KH"", ""8C"", ""AH"", ""4H"", ""5S"", ""2C"", ""8H"", ""JS"", ""10D"", ""8D"", ""Joker1"", ""5C"", ""6H"", ""JH"", ""9C"", ""9S""]","[""6C"", ""2D"", ""4D"", ""10H"", ""JC"", ""QC"", ""9H"", ""6S"", ""AS"", ""2S""]"
77,0,"[""4C"", ""2H"", ""QD"", ""8S"", ""6D"", ""5D"", ""JD"", ""10S"", ""7C"", ""QS""]","[""4S"", ""KC"", ""9D"", ""AD"", ""3C"", ""3D"", ""3S"", ""KS"", ""5H"", ""3H"", ""7S"", ""Joker2"", ""7D"", ""KD"", ""AC"", ""10C"", ""QH"", ""7H"", ""KH"", ""8C"", ""AH"", ""4H"", ""5S"", ""2C"", ""8H"", ""JS"", ""10D"", ""8D"", ""Joker1"", ""5C"", ""6H"", ""JH"", ""9C"", ""9S""]","[""6C"", ""2D"", ""4D"", ""10H"", ""JC"", ""QC"", ""9H"", ""6S"", ""AS"", ""2S""]"
78,0,"[""4C"", ""2H""]","[""4S"", ""KC"", ""9D"", ""AD"", ""3C"", ""3D"", ""3S"", ""KS"", ""5H"", ""3H"", ""7S"", ""Joker2"", ""7D"", ""KD"", ""AC"", ""10C"", ""QH"", ""7H"", ""KH"", ""8C"", ""AH"", ""4H"", ""5S"", ""2C"", ""8H"", ""JS"", ""10D"", ""8D"", ""Joker1"", ""5C"", ""6H"", ""JH"", ""9C"", ""9S"", ""QD"", ""8S"", ""6D"", ""5D"", ""JD"", ""10S"", ""7C"", ""QS""]","[""6C"", ""2D"", ""4D"", ""10H"", ""JC"", ""QC"", ""9H"", ""6S"", ""AS"", ""2S""]"
78,0,"[""4C"", ""2H"", ""4S""]","[""KC"", ""9D"", ""AD"", ""3C"", ""3D"", ""3S"", ""KS"", ""5H"", ""3H"", ""7S"", ""Joker2"", ""7D"", ""KD"", ""AC"", ""10C"", ""QH"", ""7H"", ""KH"", ""8C"", ""AH"", ""4H"", ""5S"", ""2C"", ""8H"", ""JS"", ""10D"", ""8D"", ""Joker1"", ""5C"", ""6H"", ""JH"", ""9C"", ""9S"", ""QD"", ""8S"", ""6D"", ""5D"", ""JD"", ""10S"", ""7C"", ""QS""]","[""6C"", ""2D"", ""4D"", ""10H"", ""JC"", ""QC"", ""9H"", ""6S"", ""AS"", ""2S""]"
79,0,[],"[""KC"", ""9D"", ""AD"", ""3C"", ""3D"", ""3S"", ""KS"", ""5H"", ""3H"", ""7S"", ""Joker2"", ""7D"", ""KD"", ""AC"", ""10C"", ""QH"", ""7H"", ""KH"", ""8C"", ""AH"", ""4H"", ""5S"", ""2C"", ""8H"", ""JS"", ""10D"", ""8D"", ""Joker1"", ""5C"", ""6H"", ""JH"", ""9C"", ""9S"", ""QD"", ""8S"", ""6D"", ""5D"", ""JD"", ""10S"", ""7C"", ""QS"", ""4C"", ""2H"", ""4S""]","[""6C"", ""2D"", ""4D"", ""10H"", ""JC"", ""QC"", ""9H"", ""6S"", ""AS"", ""2S""]"
80,1,"[""KC""]","[""9D"", ""AD"", ""3C"", ""3D"", ""3S"", ""KS"", ""5H"", ""3H"", ""7S"", ""Joker2"", ""7D"", ""KD"", ""AC"", ""10C"", ""QH"", ""7H"", ""KH"", ""8C"", ""AH"", ""4H"", ""5S"", ""2C"", ""8H"", ""JS"", ""10D"", ""8D"", ""Joker1"", ""5C"", ""6H"", ""JH"", ""9C"", ""9S"", ""QD"", ""8S"", ""6D"", ""5D"", ""JD"", ""10S"", ""7C"", ""QS"", ""4C"", ""2H"", ""4S""]","[""6C"", ""2D"", ""4D"", ""10H"", ""JC"", ""QC"", ""9H"", ""6S"", ""AS"", ""2S""]"
81,0,"[""KC"", ""6C""]","[""9D"", ""AD"", ""3C"", ""3D"", ""3S"", ""KS"", ""5H"", ""3H"", ""7S"", ""Joker2"", ""7D"", ""KD"", ""AC"", ""10C"", ""QH"", ""7H"", ""KH"", ""8C"", ""AH"", ""4H"", ""5S"", ""2C"", ""8H"", ""JS"", ""10D"", ""8D"", ""Joker1"", ""5C"", ""6H"", ""JH"", ""9C"", ""9S"", ""QD"", ""8S"", ""6D"", ""5D"", ""JD"", ""10S"", ""7C"", ""QS"", ""4C"", ""2H"", ""4S""]","[""2D"", ""4D"", ""10H"", ""JC"", ""QC"", ""9H"", ""6S"", ""AS"", ""2S""]"
82,1,"[""KC"", ""6C"", ""9D""]","[""AD"", ""3C"", ""3D"", ""3S"", ""KS"", ""5H"", ""3H"", ""7S"", ""Joker2"", ""7D"", ""KD"", ""AC"", ""10C"", ""QH"", ""7H"", ""KH"", ""8C"", ""AH"", ""4H"", ""5S"", ""2C"", ""8H"", ""JS"", ""10D"", ""8D"", ""Joker1"", ""5C"", ""6H"", ""JH"", ""9C"", ""9S"", ""QD"", ""8S"", ""6D"", ""5D"", ""JD"", ""10S"", ""7C"", ""QS"", ""4C"", ""2H"", ""4S""]","[""2D"", ""4D"", ""10H"", ""JC"", ""QC"", ""9H"", ""6S"", ""AS"", ""2S""]"
83,0,"[""KC"", ""6C"", ""9D"", ""2D""]","[""AD"", ""3C"", ""3D"", ""3S"", ""KS"", ""5H"", ""3H"", ""7S"", ""Joker2"", ""7D"", ""KD"", ""AC"", ""10C"", ""QH"", ""7H"", ""KH"", ""8C"", ""AH"", ""4H"", ""5S"", ""2C"", ""8H"", ""JS"", ""10D"", ""8D"", ""Joker1"", ""5C"", ""6H"", ""JH"", ""9C"", ""9S"", ""QD"", ""8S"", ""6D"", ""5D"", ""JD"", ""10S"", ""7C"", ""QS"", ""4C"", ""2H"", ""4S""]","[""4D"", ""10H"", ""JC"", ""QC"", ""9H"", ""6S"", ""AS"", ""2S""]"
84,1,"[""KC"", ""6C"", ""9D"", ""2D"", ""AD""]","[""3C"", ""3D"", ""3S"", ""KS"", ""5H"", ""3H"", ""7S"", ""Joker2"", ""7D"", ""KD"", ""AC"", ""10C"", ""QH"", ""7H"", ""KH"", ""8C"", ""AH"", ""4H"", ""5S"", ""2C"", ""8H"", ""JS"", ""10D"", ""8D"", ""Joker1"", ""5C"", ""6H"", ""JH"", ""9C"", ""9S"", ""QD"", ""8S"", ""6D"", ""5D"", ""JD"", ""10S"", ""7C"", ""QS"", ""4C"", ""2H"", ""4S""]","[""4D"", ""10H"", ""JC"", ""QC"", ""9H"", ""6S"", ""AS"", ""2S""]"
85,0,"[""KC"", ""6C"", ""9D"", ""2D"", ""AD"", ""4D""]","[""3C"", ""3D"", ""3S"", ""KS"", ""5H"", ""3H"", ""7S"", ""Joker2"", ""7D"", ""KD"", ""AC"", ""10C"", ""QH"", ""7H"", ""KH"", ""8C"", ""AH"", ""4H"", ""5S"", ""2C"", ""8H"", ""JS"", ""10D"", ""8D"", ""Joker1"", ""5C"", ""6H"", ""JH"", ""9C"", ""9S"", ""QD"", ""8S"", ""6D"", ""5D"", ""JD"", ""10S"", ""7C"", ""QS"", ""4C"", ""2H"", ""4S""]","[""10H"", ""JC"", ""QC"", ""9H"", ""6S"", ""AS"", ""2S""]"
86,1,"[""KC"", ""6C"", ""9D"", ""2D"", ""AD"", ""4D"", ""3C""]","[""3D"", ""3S"", ""KS"", ""5H"", ""3H"", ""7S"", ""Joker2"", ""7D"", ""KD"", ""AC"", ""10C"", ""QH"", ""7H"", ""KH"", ""8C"", ""AH"", ""4H"", ""5S"", ""2C"", ""8H"", ""JS"", ""10D"", ""8D"", ""Joker1"", ""5C"", ""6H"", ""JH"", ""9C"", ""9S"", ""QD"", ""8S"", ""6D"", ""5D"", ""JD"", ""10S"", ""7C"", ""QS"", ""4C"", ""2H"", ""4S""]","[""10H"", ""JC"", ""QC"", ""9H"", ""6S"", ""AS"", ""2S""]"
87,0,"[""KC"", ""6C"", ""9D"", ""2D"", ""AD"", ""4D"", ""3C"", ""10H""]","[""3D"", ""3S"", ""KS"", ""5H"", ""3H"", ""7S"", ""Joker2"", ""7D"", ""KD"", ""AC"", ""10C"", ""QH"", ""7H"", ""KH"", ""8C"", ""AH"", ""4H"", ""5S"", ""2C"", ""8H"", ""JS"", ""10D"", ""8D"", ""Joker1"", ""5C"", ""6H"", ""JH"", ""9C"", ""9S"", ""QD"", ""8S"", ""6D"", ""5D"", ""JD"", ""10S"", ""7C"", ""QS"", ""4C"", ""2H"", ""4S""]","[""JC"", ""QC"", ""9H"", ""6S"", ""AS"", ""2S""]"
87,0,"[""KC"", ""6C"", ""9D"", ""2D"", ""AD"", ""4D"", ""3C"", ""10H"", ""3D""]","[""3S"", ""KS"", ""5H"", ""3H"", ""7S"", ""Joker2"", ""7D"", ""KD"", ""AC"", ""10C"", ""QH"", ""7H"", ""KH"", ""8C"", ""AH"", ""4H"", ""5S"", ""2C"", ""8H"", ""JS"", ""10D"", ""8D"", ""Joker1"", ""5C"", ""6H"", ""JH"", ""9C"", ""9S"", ""QD"", ""8S"", ""6D"", ""5D"", ""JD"", ""10S"", ""7C"", ""QS"", ""4C"", ""2H"", ""4S""]","[""JC"", ""QC"", ""9H"", ""6S"", ""AS"", ""2S""]"
88,0,"[""KC"", ""6C"", ""9D"", ""2D"", ""AD"", ""4D""]","[""3S"", ""KS"", ""5H"", ""3H"", ""7S"", ""Joker2"", ""7D"", ""KD"", ""AC"", ""10C"", ""QH"", ""7H"", ""KH"", ""8C"", ""AH"", ""4H"", ""5S"", ""2C"", ""8H"", ""JS"", ""10D"", ""8D"", ""Joker1"", ""5C"", ""6H"", ""JH"", ""9C"", ""9S"", ""QD"", ""8S"", ""6D"", ""5D"", ""JD"", ""10S"", ""7C"", ""QS"", ""4C"", ""2H"", ""4S"", ""3C"", ""10H"", ""3D""]","[""JC"", ""QC"", ""9H"", ""6S"", ""AS"", ""2S""]"
89,1,"[""KC"", ""6C"", ""9D"", ""2D"", ""AD"", ""4D"", ""3S""]","[""KS"", ""5H"", ""3H"", ""7S"", ""Joker2"", ""7D"", ""KD"", ""AC"", ""10C"", ""QH"", ""7H"", ""KH"", ""8C"", ""AH"", ""4H"", ""5S"", ""2C"", ""8H"", ""JS"", ""10D"", ""8D"", ""Joker1"", ""5C"", ""6H"", ""JH"", ""9C"", ""9S"", ""QD"", ""8S"", ""6D"", ""5D"", ""JD"", ""10S"", ""7C"", ""QS"", ""4C"", ""2H"", ""4S"", ""3C"", ""10H"", ""3D""]","[""JC"", ""QC"", ""9H"", ""6S"", ""AS"", ""2S""]"
90,0,"[""KC"", ""6C"", ""9D"", ""2D"", ""AD"", ""4D"", ""3S"", ""JC""]","[""KS"", ""5H"", ""3H"", ""7S"", ""Joker2"", ""7D"", ""KD"", ""AC"", ""10C"", ""QH"", ""7H"", ""KH"", ""8C"", ""AH"", ""4H"", ""5S"", ""2C"", ""8H"", ""JS"", ""10D"", ""8D"", ""Joker1"", ""5C"", ""6H"", ""JH"", ""9C"", ""9S"", ""QD"", ""8S"", ""6D"", ""5D"", ""JD"", ""10S"", ""7C"", ""QS"", ""4C"", ""2H"", ""4S"", ""3C"", ""10H"", ""3D""]","[""QC"", ""9H"", ""6S"", ""AS"", ""2S""]"
90,0,"[""KC"", ""6C"", ""9D"", ""2D"", ""AD"", ""4D"", ""3S"", ""JC"", ""KS""]","[""5H"", ""3H"", ""7S"", ""Joker2"", ""7D"", ""KD"", ""AC"", ""10C"", ""QH"", ""7H"", ""KH"", ""8C"", ""AH"", ""4H"", ""5S"", ""2C"", ""8H"", ""JS"", ""10D"", ""8D"", ""Joker1"", ""5C"", ""6H"", ""JH"", ""9C"", ""9S"", ""QD"", ""8S"", ""6D"", ""5D"", ""JD"", ""10S"", ""7C"", ""QS"", ""4C"", ""2H"", ""4S"", ""3C"", ""10H"", ""3D""]","[""QC"", ""9H"", ""6S"", ""AS"", ""2S""]"
91,0,[],"[""5H"", ""3H"", ""7S"", ""Joker2"", ""7D"", ""KD"", ""AC"", ""10C"", ""QH"", ""7H"", ""KH"", ""8C"", ""AH"", ""4H"", ""5S"", ""2C"", ""8H"", ""JS"", ""10D"", ""8D"", ""Joker1"", ""5C"", ""6H"", ""JH"", ""9C"", ""9S"", ""QD"", ""8S"", ""6D"", ""5D"", ""JD"", ""10S"", ""7C"", ""QS"", ""4C"", ""2H"", ""4S"", ""3C"", ""10H"", ""3D"", ""KC"", ""6C"", ""9D"", ""2D"", ""AD"", ""4D"", ""3S"", ""JC"", ""KS""]","[""QC"", ""9H"", ""6S"", ""AS"", ""2S""]"
92,1,"[""5H""]","[""3H"", ""7S"", ""Joker2"", ""7D"", ""KD"", ""AC"", ""10C"", ""QH"", ""7H"", ""KH"", ""8C"", ""AH"", ""4H"", ""5S"", ""2C"", ""8H"", ""JS"", ""10D"", ""8D"", ""Joker1"", ""5C"", ""6H"", ""JH"", ""9C"", ""9S"", ""QD"", ""8S"", ""6D"", ""5D"", ""JD"", ""10S"", ""7C"", ""QS"", ""4C"", ""2H"", ""4S"", ""3C"", ""10H"", ""3D"", ""KC"", ""6C"", ""9D"", ""2D"", ""AD"", ""4D"", ""3S"", ""JC"", ""KS""]","[""QC"", ""9H"", ""6S"", ""AS"", ""2S""]"
93,0,"[""5H"", ""QC""]","[""3H"", ""7S"", ""Joker2"", ""7D"", ""KD"", ""AC"", ""10C"", ""QH"", ""7H"", ""KH"", ""8C"", ""AH"", ""4H"", ""5S"", ""2C"", ""8H"", ""JS"", ""10D"", ""8D"", ""Joker1"", ""5C"", ""6H"", ""JH"", ""9C"", ""9S"", ""QD"", ""8S"", ""6D"", ""5D"", ""JD"", ""10S"", ""7C"", ""QS"", ""4C"", ""2H"", ""4S"", ""3C"", ""10H"", ""3D"", ""KC"", ""6C"", ""9D"", ""2D"", ""AD"", ""4D"", ""3S"", ""JC"", ""KS""]","[""9H"", ""6S"", ""AS"", ""2S""]"
94,1,"[""5H"", ""QC"", ""3H""]","[""7S"", ""Joker2"", ""7D"", ""KD"", ""AC"", ""10C"", ""QH"", ""7H"", ""KH"", ""8C"", ""AH"", ""4H"", ""5S"", ""2C"", ""8H"", ""JS"", ""10D"", ""8D"", ""Joker1"", ""5C"", ""6H"", ""JH"", ""9C"", ""9S"", ""QD"", ""8S"", ""6D"", ""5D"", ""JD"", ""10S"", ""7C"", ""QS"", ""4C"", ""2H"", ""4S"", ""3C"", ""10H"", ""3D"", ""KC"", ""6C"", ""9D"", ""2D"", ""AD"", ""4D"", ""3S"", ""JC"", ""KS""]","[""9H"", ""6S"", ""AS"", ""2S""]"
95,0,"[""5H"", ""QC"", ""3H"", ""9H""]","[""7S"", ""Joker2"", ""7D"", ""KD"", ""AC"", ""10C"", ""QH"", ""7H"", ""KH"", ""8C"", ""AH"", ""4H"", ""5S"", ""2C"", ""8H"", ""JS"", ""10D"", ""8D"", ""Joker1"", ""5C"", ""6H"", ""JH"", ""9C"", ""9S"", ""QD"", ""8S"", ""6D"", ""5D"", ""JD"", ""10S"", ""7C"", ""QS"", ""4C"", ""2H"", ""4S"", ""3C"", ""10H"", ""3D"", ""KC"", ""6C"", ""9D"", ""2D"", ""AD"", ""4D"", ""3S"", ""JC"", ""KS""]","[""6S"", ""AS"", ""2S""]"
96,1,"[""5H"", ""QC"", ""3H"", ""9H"", ""7S""]","[""Joker2"", ""7D"", ""KD"", ""AC"", ""10C"", ""QH"", ""7H"", ""KH"", ""8C"", ""AH"", ""4H"", ""5S"", ""2C"", ""8H"", ""JS"", ""10D"", ""8D"", ""Joker1"", ""5C"", ""6H"", ""JH"", ""9C"", ""9S"", ""QD"", ""8S"", ""6D"", ""5D"", ""JD"", ""10S"", ""7C"", ""QS"", ""4C"", ""2H"", ""4S"", ""3C"", ""10H"", ""3D"", ""KC"", ""6C"", ""9D"", ""2D"", ""AD"", ""4D"", ""3S"", ""JC"", ""KS""]","[""6S"", ""AS"", ""2S""]"
97,0,"[""5H"", ""QC"", ""3H"", ""9H"", ""7S"", ""6S""]","[""Joker2"", ""7D"", ""KD"", ""AC"", ""10C"", ""QH"", ""7H"", ""KH"", ""8C"", ""AH"", ""4H"", ""5S"", ""2C"", ""8H"", ""JS"", ""10D"", ""8D"", ""Joker1"", ""5C"", ""6H"", ""JH"", ""9C"", ""9S"", ""QD"", ""8S"", ""6D"", ""5D"", ""JD"", ""10S"", ""7C"", ""QS"", ""4C"", ""2H"", ""4S"", ""3C"", ""10H"", ""3D"", ""KC"", ""6C"", ""9D"", ""2D"", ""AD"", ""4D"", ""3S"", ""JC"", ""KS""]","[""AS"", ""2S""]"
98,1,"[""5H"", ""QC"", ""3H"", ""9H"", ""7S"", ""6S"", ""Joker2""]","[""7D"", ""KD"", ""AC"", ""10C"", ""QH"", ""7H"", ""KH"", ""8C"", ""AH"", ""4H"", ""5S"", ""2C"", ""8H"", ""JS"", ""10D"", ""8D"", ""Joker1"", ""5C"", ""6H"", ""JH"", ""9C"", ""9S"", ""QD"", ""8S"", ""6D"", ""5D"", ""JD"", ""10S"", ""7C"", ""QS"", ""4C"", ""2H"", ""4S"", ""3C"", ""10H"", ""3D"", ""KC"", ""6C"", ""9D"", ""2D"", ""AD"", ""4D"", ""3S"", ""JC"", ""KS""]","[""AS"", ""2S""]"
99,0,"[""5H"", ""QC"", ""3H"", ""9H"", ""7S"", ""6S"", ""Joker2"", ""AS""]","[""7D"", ""KD"", ""AC"", ""10C"", ""QH"", ""7H"", ""KH"", ""8C"", ""AH"", ""4H"", ""5S"", ""2C"", ""8H"", ""JS"", ""10D"", ""8D"", ""Joker1"", ""5C"", ""6H"", ""JH"", ""9C"", ""9S"", ""QD"", ""8S"", ""6D"", ""5D"", ""JD"", ""10S"", ""7C"", ""QS"", ""4C"", ""2H"", ""4S"", ""3C"", ""10H"", ""3D"", ""KC"", ""6C"", ""9D"", ""2D"", ""AD"", ""4D"", ""3S"", ""JC"", ""KS""]","[""2S""]"
99,0,"[""5H"", ""QC"", ""3H"", ""9H"", ""7S"", ""6S"", ""Joker2"", ""AS"", ""7D""]","[""KD"", ""AC"", ""10C"", ""QH"", ""7H"", ""KH"", ""8C"", ""AH"", ""4H"", ""5S"", ""2C"", ""8H"", ""JS"", ""10D"", ""8D"", ""Joker1"", ""5C"", ""6H"", ""JH"", ""9C"", ""9S"", ""QD"", ""8S"", ""6D"", ""5D"", ""JD"", ""10S"", ""7C"", ""QS"", ""4C"", ""2H"", ""4S"", ""3C"", ""10H"", ""3D"", ""KC"", ""6C"", ""9D"", ""2D"", ""AD"", ""4D"", ""3S"", ""JC"", ""KS""]","[""2S""]"
100,0,"[""5H"", ""QC"", ""3H"", ""9H""]","[""KD"", ""AC"", ""10C"", ""QH"", ""7H"", ""KH"", ""8C"", ""AH"", ""4H"", ""5S"", ""2C"", ""8H"", ""JS"", ""10D"", ""8D"", ""Joker1"", ""5C"", ""6H"", ""JH"", ""9C"", ""9S"", ""QD"", ""8S"", ""6D"", ""5D"", ""JD"", ""10S"", ""7C"", ""QS"", ""4C"", ""2H"", ""4S"", ""3C"", ""10H"", ""3D"", ""KC"", ""6C"", ""9D"", ""2D"", ""AD"", ""4D"", ""3S"", ""JC"", ""KS"", ""7S"", ""6S"", ""Joker2"", ""AS"", ""7D""]","[""2S""]"
101,1,"[""5H"", ""QC"", ""3H"", ""9H"", ""KD""]","[""AC"", ""10C"", ""QH"", ""7H"", ""KH"", ""8C"", ""AH"", ""4H"", ""5S"", ""2C"", ""8H"", ""JS"", ""10D"", ""8D"", ""Joker1"", ""5C"", ""6H"", ""JH"", ""9C"", ""9S"", ""QD"", ""8S"", ""6D"", ""5D"", ""JD"", ""10S"", ""7C"", ""QS"", ""4C"", ""2H"", ""4S"", ""3C"", ""10H"", ""3D"", ""KC"", ""6C"", ""9D"", ""2D"", ""AD"", ""4D"", ""3S"", ""JC"", ""KS"", ""7S"", ""6S"", ""Joker2"", ""AS"", ""7D""]","[""2S""]"
102,0,"[""5H"", ""QC"", ""3H"", ""9H"", ""KD"", ""2S""]","[""AC"", ""10C"", ""QH"", ""7H"", ""KH"", ""8C"", ""AH"", ""4H"", ""5S"", ""2C"", ""8H"", ""JS"", ""10D"", ""8D"", ""Joker1"", ""5C"", ""6H"", ""JH"", ""9C"", ""9S"", ""QD"", ""8S"", ""6D"", ""5D"", ""JD"", ""10S"", ""7C"", ""QS"", ""4C"", ""2H"", ""4S"", ""3C"", ""10H"", ""3D"", ""KC"", ""6C"", ""9D"", ""2D"", ""AD"", ""4D"", ""3S"", ""JC"", ""KS"", ""7S"", ""6S"", ""Joker2"", ""AS"", ""7D""]",[]
